{
    "dt": 2.2222222222222221e-10,
    "parameters": {
        "1": {
            "T1": 306.35738386608125,
            "T2": 306.9797028120124,
            "RO": 0.022216796875,
            "DF": 4736286266.907725
        },
        "2": {
            "T1": 260.3211878308971,
            "T2": 200.49666129986815,
            "RO": 0.0126953125,
            "DF": 4819171578.46191
        },
        "3": {
            "T1": 396.66745369903174,
            "T2": 386.4530167494259,
            "RO": 0.02490234375,
            "DF": 4747175662.450042
        }
    }
}